fma_iters,sync_ms,bulk1d_ms,tensor2d_ms,pipe2_ms,speedup_bulk1d,speedup_tensor2d,speedup_pipe2
1,0.036832,0.035008,0.040352,0.021824,1.0521,0.9128,1.6877
2,0.036160,0.037280,0.042112,0.023776,0.9700,0.8587,1.5209
4,0.040864,0.042912,0.047520,0.028800,0.9523,0.8599,1.4189
8,0.050528,0.050944,0.056608,0.040160,0.9918,0.8926,1.2582
16,0.069536,0.071040,0.075424,0.058784,0.9788,0.9219,1.1829
32,0.107424,0.109472,0.114688,0.096448,0.9813,0.9367,1.1138
64,0.183552,0.185248,0.190336,0.173184,0.9908,0.9644,1.0599
128,0.336320,0.337600,0.343200,0.325376,0.9962,0.9800,1.0336
256,0.641760,0.643264,0.647616,0.629728,0.9977,0.9910,1.0191
